{
  "eslint.config.mjs": 1777148000.1562188,
  "next.config.ts": 1777148156.9337454,
  "postcss.config.mjs": 1777147994.786303,
  "src\\middleware.ts": 1777148176.420142,
  "src\\app\\layout.tsx": 1777148601.781137,
  "src\\app\\page.tsx": 1777147994.5831656,
  "src\\app\\[slug]\\page.tsx": 1777148676.7769918,
  "src\\app\\[slug]\\(catalogue)\\layout.tsx": 1777148472.6872265,
  "src\\app\\[slug]\\(catalogue)\\catalogue\\page.tsx": 1777165089.936026,
  "src\\app\\[slug]\\(catalogue)\\panier\\page.tsx": 1777148630.6702616,
  "src\\app\\[slug]\\(catalogue)\\produit\\[id]\\page.tsx": 1777148545.284769,
  "src\\app\\[slug]\\(catalogue)\\produit\\[id]\\_components\\AddToCartButton.tsx": 1777148559.9228714,
  "src\\components\\catalog\\AddToCartButton.tsx": 1777148530.5734873,
  "src\\components\\catalog\\CartItemRow.tsx": 1777148549.7268605,
  "src\\components\\catalog\\CategoryCard.tsx": 1777148455.685097,
  "src\\components\\catalog\\CodeAccessForm.tsx": 1777148430.6449225,
  "src\\components\\catalog\\EmptyCart.tsx": 1777148574.9579415,
  "src\\components\\catalog\\index.ts": 1777148579.009346,
  "src\\components\\catalog\\MerchantHeader.tsx": 1777148562.7489285,
  "src\\components\\catalog\\ProductCard.tsx": 1777148444.1393602,
  "src\\components\\catalog\\ProductGallery.tsx": 1777148496.3932357,
  "src\\context\\catalog-context.tsx": 1777148412.2690516,
  "src\\hooks\\useCart.ts": 1777148510.803861,
  "src\\lib\\actions\\catalog.ts": 1777148403.7191088,
  "src\\lib\\hooks\\useCart.ts": 1777148428.796275,
  "src\\lib\\supabase\\admin.ts": 1777148169.320176,
  "src\\lib\\supabase\\client.ts": 1777148164.4417374,
  "src\\lib\\supabase\\server.ts": 1777148167.0653336,
  "src\\lib\\types\\catalog.ts": 1777148302.2324595,
  "src\\lib\\utils\\format.ts": 1777148380.7776525,
  "cahier-des-charges-catalogue-saas.md": 1777146807.5096207,
  "CLAUDE.md": 1777147341.8995154,
  "docs\\README.md": 1777147203.0617616,
  "docs\\brand\\brand-guide.md": 1777147582.616105,
  "docs\\legal\\cgu.md": 1777147610.2376778,
  "docs\\product\\personas.md": 1777147672.9346695,
  "docs\\product\\roadmap.md": 1777147708.3889527,
  "public\\file.svg": 1777147994.6201622,
  "public\\globe.svg": 1777147994.6211615,
  "public\\next.svg": 1777147994.6231625,
  "public\\vercel.svg": 1777147994.618163,
  "public\\window.svg": 1777147994.6221647
}